"","x","y","z","Name","Description","layer"
"1",-122.676081,45.521417,0,"Aybla Mediteranean Grill","<img src=""https://lh4.googleusercontent.com/proxy/x4RV6lz3SxhwZrRFCksQqlbieOPWBcv1ugZ0j-RiLCXasRKv4msZOOuHBeYlGnwGIJT-AK_vi4hG_YZJtQqDwEcb2m2MoGA7j3rEHNtpL7M"" height=""200"" width=""auto"" /><br><br>Greek style Food Cart<br>Hours: Monday through Saturday, 10am-5pm<br>Phone: 503 490 3387<br><br>More Information (http://www.foodcartsportland.com/2007/10/29/aybalaya-mediterranean/)","Untitled layer"
"2",-122.676119,45.521342,0,"Boolkogi Korean BBQ","<img src=""https://lh4.googleusercontent.com/proxy/U6OLEUnk9v5j7K29BFd4G4YD9Qr0YCKbv9q76eMYllrZvnmAQ-UExH8D7sC8M_k1Ga_FuDvnORxIA1qOv1NLwv4fuC53g045KaVgsZx_8-Y"" height=""200"" width=""auto"" /><br><br>Korean BBQ tacos and plates<br>Open daily for lunch<br><br> <br>More Information (http://www.foodcartsportland.com/2010/04/11/boolkogi-korean-tacos/)","Untitled layer"
"3",-122.676153,45.52128,0,"Mr Taco","<img src=""https://lh6.googleusercontent.com/proxy/0qYOagAKp6JrWcjRkJ-p-ign-z1JbkyFoIi-i1drp4RipXb3_mvl8ZPqkNd7Nvj-vgMWLb1SnhTGyplrz_hQVoXigJokj_-ieMgBya_5tt8"" height=""200"" width=""auto"" /><br><br>Mexican food cart<br>Hours: Monday-Friday, 8am-2pm<br>Phone: 503 935 4321<br><br>More Information (http://www.foodcartsportland.com/2009/12/17/mr-taco/)","Untitled layer"
"4",-122.67614,45.521304,0,"La Jarochita","<img src=""https://lh3.googleusercontent.com/proxy/vSzyc8FJq-e9Jnx5EPn36Rr1PA19X6KrP2fk-DFB65FIwLVvINxm4ObwjnZuPrznElhEX6t_eavAjGJC1cbvKLhHW7g0mrPHpp0woj3qxOM"" height=""200"" width=""auto"" /><br><br>Mexican food cart<br>Hours: Monday - Friday, 7:30am-5pm<br>Phone: 503-421-9838<br><br>More Information (http://www.foodcartsportland.com/2008/02/25/jarochita/)","Untitled layer"
"5",-122.676164,45.521263,0,"Spoons","<img src=""https://lh3.googleusercontent.com/proxy/ykFspFzvmzKMkGqhPEOhjuSA6237lH2cHCun2Wjyzz4a1FB2ujXaojBR3CCfHfDcuDeCS2qP_48Q2bdDOx8C7zp27WFGJTw6Qtwjz7faRKU"" height=""200"" width=""auto"" /><br><br>Soup food cart <br>Hours: Mon-Fri 10:30AM-2:00PM<br>Phone: 503 522 3576 <br><br>More Information (http://www.foodcartsportland.com/2009/11/17/spoons/)","Untitled layer"
"6",-122.676183,45.521227,0,"Thai Sky","<img src=""https://lh6.googleusercontent.com/proxy/-gPSDhLudCMJw9x5fjcchHVkP1samKByQjR9Ftueq15-spZS2_jYjzBCm8yPn4Y6yx2Gs9Ag4doKWVD1_d-1LccQ4S4rSlM51Bl5FFVAakl-VIsXg-3S-KOeSswufKcO6oib-A"" height=""200"" width=""auto"" /><br><br>Hours: Mon-Fri Lunch Hours, closes around 3PM<br>Phone: 503-750-5369<br><br><br><br><br><br><br>More Information (http://www.foodcartsportland.com/2007/10/17/thai-sky/)","Untitled layer"
"7",-122.676204,45.521176,0,"Philly Cheese Steaks","<img src=""https://lh6.googleusercontent.com/proxy/exXoXUKQeApSTmPoGxh4ZtOS0C0J6IAj1Fef5Tsmrf5T1C1agYUHPcknGg_c55YWwv6I6LDgy4F--JX_TEj0usd_ZIAeKs6ja6wsMEXEjqKKAQ"" height=""200"" width=""auto"" /><br><br>Philly Cheese Steak and Hamburger Food Cart<br>Hours: Monday - Friday, lunchtime","Untitled layer"
"8",-122.676231,45.521133,0,"Julie's Food","<img src=""https://lh5.googleusercontent.com/proxy/ujtZUB2tCNdR2SwN2a0fwkzuswk2kZbYAgorwlcupl8a5JaLwyW6-4YocGGQ8rleBpE4Vr0Yp2sTuFljv6ynXt5kuDNSISLl4bo4GJOcxekkYA"" height=""200"" width=""auto"" /><br><br>Vietnamese food cart<br>Hours: Monday - Friday, lunchtime","Untitled layer"
"9",-122.67625,45.521097,0,"Khob Khun Thai Food","<img src=""https://lh6.googleusercontent.com/proxy/sOonA9jE7mx3KpZQkmGJpVUaofqgTyf3c8cxayX-Ws8f1g7KWCkY35LACx26uvmjUu7ftNI6yoHoUhkP0Bg1y1Xuc22X_nPY6-F6hIYXcXP7rQ"" height=""200"" width=""auto"" /><br><br>Thai food. Open for lunch daily<br>More Information (http://www.foodcartsportland.com/2011/01/20/khob-khun-thai-food/)","Untitled layer"
"10",-122.676314,45.520979,0,"Veli Thai Food","<img src=""https://lh6.googleusercontent.com/proxy/zSANVTwfj0HWD_XyOXineESRXYErGUj164UXfXB8oV9FFW88rS58UwvuptdYdiZrB3XnJNqGreXB9j9utLif4KcDe79He3Z98z1NiW0teNs"" height=""200"" width=""auto"" /><br><br>Thai food cart<br>Monday through Friday, lunchtime<br><br>More Information (http://www.foodcartsportland.com/2007/08/31/veli-thai-food/)","Untitled layer"
"11",-122.676365,45.520906,0,"Real Taste of India","<img src=""https://lh3.googleusercontent.com/proxy/Xb7FWWuoEpFPUDzVQ0Zasu7TU91H6O3dFQ8NShGc7HJOwv5MxqAYdXwCz-EqywcyPtvw2WeIZCb4yL_EgvehG_iaaQWugKIXKUj3H6FtyxU"" height=""200"" width=""auto"" /><br><br>Indian food cart<br>Monday through Friday, lunchtime<br><br>More Information (http://www.foodcartsportland.com/2007/08/31/real-taste-of-india/)","Untitled layer"
"12",-122.676094,45.521394,0,"Saigon","Vietnamese food cart","Untitled layer"
"13",-122.676226,45.520793,0,"Tabor","<img src=""https://lh3.googleusercontent.com/proxy/l1FodwGaASPv_nCyuKfAJV_0Y6G5vaBsFu55yG7P5okS9_BrHTf9TDXo2IiLFHQ9Fm3S-dhDxPXWA4Fs70IZtQjxyqZUNe9HpM1LprSa3vM"" height=""200"" width=""auto"" /><br><br>Czech food cart featuring the Schnitzelwich<br>Monday through Friday, lunchtime<br><br>More Information (http://www.foodcartsportland.com/2007/09/24/tabor-czech-food/)","Untitled layer"
"14",-122.674716,45.519617,0,"El Masry Egyptian","<img src=""https://lh6.googleusercontent.com/proxy/EapcEOE3VFSJzDaGOEL7t7smRuSLaLYgL3AcJKKlbCE53hjv_WE0TIP9kiJpze1V8jSAdMQSpJl94HqF23mHzpuD5d5VTyPWgfBiJ7RO7x3G5kEXWw"" height=""200"" width=""auto"" /><br><br>Egyptian food including Gyros and Shwarma<br>Monday through Friday, lunchtime<br><br>More Information (http://www.foodcartsportland.com/2009/05/20/el-masry-egyptian/)","Untitled layer"
"15",-122.674702,45.519647,0,"Tito's Burritos","<img src=""https://lh6.googleusercontent.com/proxy/hs9_02YIU-9q0YUYPWiEsIEZkFxP_vDUUy5E1N5R5c8e6U1iUthKuM7tuc5_Kwth2VBM4ha4c39lpwbMSeuyldCzRLFJacUPgWHgoxhgL85UhG0T"" height=""200"" width=""auto"" /><br><br>Tacos and burritos<br>Open daily<br>More Information (http://www.foodcartsportland.com/2009/04/27/titos-burritos/)","Untitled layer"
"16",-122.674686,45.519695,0,"Sonny Bowl","<img src=""https://lh3.googleusercontent.com/proxy/vmteINN-eI7_GN88UI11paBzhNlGsVHTjwwp7-gdwJVgFSVb_Zfvq2C7mmrOXgZsaMKd6XA9PSniBe9aH1PUiLbhCgY8KGi9Um8TOFmILEQ"" height=""200"" width=""auto"" /><br><br>Vegan bowls with rice, beans and protein<br>Open daily for lunch<br>More Information (http://www.foodcartsportland.com/2009/09/11/sonny-bowl/)","Untitled layer"
"17",-122.674563,45.51993,0,"Asia Express","","Untitled layer"
"18",-122.674523,45.520011,0,"Beez Neez ","<img src=""https://lh5.googleusercontent.com/proxy/CTx77ewZWVh1DDAneOtbEhUbFXc68QdFgQbKP3vQ_jcNIVD68UZDC8T48xjKaaFQ7yprCteaDqUkl3iRGKkJaNQSMKiDzCGCKcDSymHmtEw"" height=""200"" width=""auto"" /><br><br>Great sausage cart even serving Reindeer sausage.<br><br> <br>More information (http://www.foodcartsportland.com/2009/10/23/beez-neez-gourmet-sausages/)","Untitled layer"
"19",-122.674499,45.520038,0,"DC Vegetarian","<img src=""https://lh3.googleusercontent.com/proxy/3KegnWXNdREh785sDBi27Lj0qFQkLuHWdwc0shfq0QIYGHU0wMQY1AxRU8uE51_ADPsjgbw7tlV9iQHFfmweSoXsU_T0bqaih-32QxKXe5I"" height=""200"" width=""auto"" /><br><br>Vegetarian sandwiches, soups and salads - vegan available.<br><br> <br>More information (http://www.foodcartsportland.com/2009/08/25/dc-vegetarian/)","Untitled layer"
"20",-122.67448,45.520088,0,"Pho Le","<img src=""https://lh3.googleusercontent.com/proxy/0N3k88VA3ZERNN4j4vZmicdYeNmlcG9m8XDUimoehfUS0FXjWFW9t3tkTDH2uWTEjsR_T4TKc7bAMLIz5x5gev2lVUBU1pWJqJErFotbz8M"" height=""200"" width=""auto"" /><br><br>Great Thai food, including traditional Pho<br><br> <br>More Information (http://www.foodcartsportland.com/2007/09/13/pho-le/)","Untitled layer"
"21",-122.674461,45.520115,0,"Just Thai","<img src=""https://lh3.googleusercontent.com/proxy/W4Ugls4eJN17EjvEWlNnqaOZpJfk4vYkt_uBNzJuEifmk2_Rw2LnHAexrZbFXGNAvr5zJsaZSh0DX3RBCz-sTfUpE6SH9qK2tUlsZsoiU8w"" height=""200"" width=""auto"" /><br><br>Thai cuisine including Phad Thai and other noodle dishes.<br><br> <br>More information (http://www.foodcartsportland.com/2009/08/31/just-thai/)","Untitled layer"
"22",-122.674445,45.520163,0,"Francisco Taqueria","<img src=""https://lh3.googleusercontent.com/proxy/vOMjk41rwgLmcG_xQnLBoyw8vEeb6l__OhXrmpsVBHtoSMjSZmtU7PTD-YnQ1W0-Cq4sj6rhlJGi-feXGQyaPpyxn6A0666iFCBHMSQpNNU"" height=""200"" width=""auto"" /><br><br>Mexican tacos, burritos and other fare<br>Monday through Friday, lunchtime","Untitled layer"
"23",-122.6733,45.520442,0,"Viet Cuisine","<img src=""https://lh6.googleusercontent.com/proxy/PNfB3yBUSQb9fHuep5TabinGJKbeRUbGu1JolBIfz2zV9dKrY94VHgoUnjFfaMnCM0fhWNOBm40ZFG-2VpppK-8opZQCBjKElyA1qhRY52k"" height=""200"" width=""auto"" /><br><br>Vietnamese cuisine<br><br>More Information (http://www.foodcartsportland.com/2010/06/09/viet-cuisine/)","Untitled layer"
"24",-122.673324,45.520391,0,"A Taste of Greek","<img src=""https://lh5.googleusercontent.com/proxy/Xx8yGS0jvM4bzbTRFqD6jgyitx6TGxvvH77B2RVFuX-vdeg7FXNh4hROGbvYCV_DiUXOJ912UNljtMRfLNwR7df23DCjnUIjoh8UeP3oKi-aWQ"" height=""200"" width=""auto"" /><br><br>Greek and Mediterranean delights<br>Open daily for lunch<br>More Information (http://www.foodcartsportland.com/2010/09/09/a-taste-of-greek/)","Untitled layer"
"25",-122.674284,45.522599,0,"Taqueria El Canario","<img src=""https://lh5.googleusercontent.com/proxy/luFuquTPZ7XIFVuwd8-pBFi-yThyC54nXiLU2LwXxvq348hSZdRQQLDxABfCqIPoq1g3DHWZ4_PUBlkQSNFvCaV0aXm6o8BNDejOZD4kOUs"" height=""200"" width=""auto"" /><br><br>Mexican cart for late night tacos and burritos<br>Friday, Saturday nights<br><br>More Information (http://www.foodcartsportland.com/2009/11/20/taqueria-el-canario/)","Untitled layer"
"26",-122.678742,45.518421,0,"Fuego Burritos","<img src=""https://lh4.googleusercontent.com/proxy/cPCIvw7OhNWhA0WeJriOo2660139jAYuAYyik1orxeklhKu4YCrP8BV_1LgB_v_7leepXQqi1-WGw6FuTD-y8w-m1fmFx_CGklKqagG-zYNsT05G"" height=""200"" width=""auto"" /><br><br>Chicken or vegetarian burritos done right<br>Weekdays, lunchtime<br><br>More Information (http://www.foodcartsportland.com/2009/05/27/fuego-burritos/)","Untitled layer"
"27",-122.679718,45.518729,0,"Honkin' Huge Burritos","<img src=""https://lh4.googleusercontent.com/proxy/DVNWITW0rxqJGoonOon9wPHasxT7NWBpk8PU5yS02POOQI82IW1mFJnzkkZTgkZJeO6659I2NVhPAZ0vjviYoRGZK6qkNYA0vbADga8KmSzKng"" height=""200"" width=""auto"" /><br><br>Vegetarian burritos that are truly huge, even the small one.<br>Monday through Friday, lunchtime<br><br>More Information (http://www.foodcartsportland.com/2008/11/21/honkin-huge-burritos/)","Untitled layer"
"28",-122.679391,45.518376,0,"Philly CheeseSteaks & Burgers","<img src=""https://lh4.googleusercontent.com/proxy/Q7347-93T2Ny2XKIDQIT8P7YR_lV-ckP8A562Nav4YCiu_9wQBJ-HpyeHZRgcFHOSBvAbBb4cGFtKk6dYIUah9ZJknawIiqDzWp_cuZYjKs"" height=""200"" width=""auto"" /><br><br>Cheese-Steaks and Burgers along with the wry wit of Ben.<br>Monday through Friday, lunchtime<br><br>More Information (http://www.foodcartsportland.com/2009/08/13/philly-cheesesteaks-and-burgers/)","Untitled layer"
"29",-122.682103,45.520785,0,"BBQ Fusion","<img src=""https://lh5.googleusercontent.com/proxy/mI3vyk-5mM_anRx3gv_5qzEya1zprYEqGGzjGk5Je08sW5HM7rzEezs6vvhM4IYWzcY7oMDq67okNqVv1gql-MEI5Y6uVZ6G4LsrEcxno70"" height=""200"" width=""auto"" /><br><br>BBQ Cart - pulled pork sandwiches and ribs<br>Monday through Friday, lunchtime<br><br>More Information (http://www.foodcartsportland.com/2009/10/12/bbq-fusion/)","Untitled layer"
"30",-122.682041,45.520769,0,"Nong's Khao Man Gai","<img src=""https://lh3.googleusercontent.com/proxy/7adLmi3kAfeW5wWfHzjiMqtqh6FMwx27_W4MAOVZ_0oElwoHmLtF28vapD1ybiQcNvkA7gauK-u4IGAd9Z98ddoxlcJVglVVoWJi4wPkllU"" height=""200"" width=""auto"" /><br><br>Specializing in a single dish - Khao Man Gai, a rice dish with chicken and spicy sauce.<br>Monday through Saturday, lunchtime<br><br>More Information (http://www.foodcartsportland.com/2009/05/09/coming-soon-nongs-khao-man-gai/)","Untitled layer"
"31",-122.681864,45.520723,0,"Savor Soup House","<img src=""https://lh3.googleusercontent.com/proxy/QWlfI8QN81zvJpMKOYH41xfoAvKnmuIx8YKZ42LDJom8TLHPB2FzRkRV0_g6sfFer_z1s0BK8k3hSLCzdqY13CWPZH3nRHIstz7ErcxEPD_keCIQTAwV_g9pHqkX4Q"" height=""200"" width=""auto"" /><br><br>Specializing in artisan soups and sandwiches.<br>Monday through Friday, weekdays<br><br>More Information (http://www.foodcartsportland.com/2009/01/27/savor-soup-house/)","Untitled layer"
"32",-122.68074,45.520618,0,"Roll Plus Sushi","","Untitled layer"
"33",-122.681051,45.520511,0,"Sawasdee Thai","<img src=""https://lh3.googleusercontent.com/proxy/dlWd1sNb5j_ckjqBZ80-i8tckeICp6ytACBVhrbW5T7WpoAvil5tnw2T_Dm9LZ7ankENSQebqEWKMGET7OrtYYegv_rUVi7NkQafKfBl0NIXjlo4KfI"" height=""200"" width=""auto"" /><br><br>Great Thai cuisine.<br><br> <br>More information (http://www.foodcartsportland.com/2009/03/09/sawasdee-thai/)","Untitled layer"
"34",-122.681277,45.520569,0,"The Whole Bowl","<img src=""https://lh6.googleusercontent.com/proxy/hgXCx1qOgwzAtS4o8L1eAUN4kuw4Cfzc0InMeSxaq7s_vd7bqbvWSxzUMXxRn8d9o-8MdECoEB-MSN7WTJvSV0JNwRS6R9ptVbFIxOnQkcw"" height=""200"" width=""auto"" /><br><br>More Information (http://www.foodcartsportland.com/2008/03/21/the-whole-bowl/)","Untitled layer"
"35",-122.681408,45.520603,0,"Aybla Mediterranean","Greek specialties including Gyros and other items.<br>Monday through Friday, lunchtime<br><br>More Information (http://www.foodcartsportland.com/2007/10/29/aybalaya-mediterranean/)","Untitled layer"
"36",-122.681593,45.520661,0,"Altengartz Sausages","<img src=""https://lh4.googleusercontent.com/proxy/if5r5jLACpgPCBsa57v0DRrI5YzeAbFnJmsME6ZEIbV-qKUv0frhjsPMU9DplNINUXlWSCr-qWLOpsmtG8-vNPvz92h62FmsNM7mohW0-WEA2IM"" height=""200"" width=""auto"" /><br><br>German Bratwurst and other sausages<br>Open daily for lunch and late night<br>More Information (http://www.foodcartsportland.com/2009/04/19/altengartz-german-bratwurst/)","Untitled layer"
"37",-122.68166,45.520695,0,"Number #1 Bento","","Untitled layer"
"38",-122.681593,45.520851,0,"Eurodish","<img src=""https://lh5.googleusercontent.com/proxy/gr7fS117qOZGD0BXr3evZOdaANP0m_7FRKHX5I0pZ71NCiz__HrABmS8xgjMYB_lBJbGURv6mWU1jmRWgU66sU5yluKFow7cKzmAfFP98J5pYvv3lNw"" height=""200"" width=""auto"" /><br><br>Specializing in Eastern European style home cooking<br>Monday through Friday, lunchtime to 6pm<br><br>More Information (http://www.foodcartsportland.com/2009/07/09/eurodish/)","Untitled layer"
"39",-122.681636,45.52075,0,"I Love Thai Food","","Untitled layer"
"40",-122.681555,45.520925,0,"Huong's Vietnamese","<img src=""https://lh3.googleusercontent.com/proxy/8Re2YcmR7Snr39Y-MLVvq2OExAcoBE2sW5cTfHq6WqZvbtz0HSOMo5IE2b77R9mv_0HNdqWOkECYOMGf80fP3LGbEFM-80JyasJ5YnoTSZUQB9hr"" height=""200"" width=""auto"" /><br><br>Vietnamese food cart<br>Monday through Friday, lunchtime<br><br>More Information (http://www.foodcartsportland.com/2008/12/05/huongs/)","Untitled layer"
"41",-122.684246,45.519748,0,"Bombay Chaat House","<img src=""https://lh3.googleusercontent.com/proxy/lqnDC19IXV1P4NRqeNFZtCcB1M0nekhcZLmLrxgTLpO6MeLsf5Ot8aLrEKgT0_mmRvV-7il4H7sZ4uitcoJfqWYMPeiXzw4qAZUyXNrMuW4"" height=""200"" width=""auto"" /><br><br>Indian food<br>Monday through Friday, lunchtime<br><br>More Information (http://www.foodcartsportland.com/2009/04/09/bombay-chaat-house/)","Untitled layer"
"42",-122.681813,45.509963,0,"Boonrod Thai","<img src=""https://lh3.googleusercontent.com/proxy/a6kxR4Q7VkoN7in2_dNXZV0M5xXIEb8WWZNli8EgXQpkmKAD3zxZPBiwJTsezS3gdK5QxYsFC7ZcC-3wdoLdxpA5gM-SQa6p-kg9NyVZUuQL-RVQ"" height=""200"" width=""auto"" /><br><br>Thai cuisine<br>Monday through Friday, lunchtime<br><br>More Information (http://www.foodcartsportland.com/2008/01/21/boonrod-thai/)","Untitled layer"
"43",-122.681344,45.509774,0,"New Taste of India","Second location for this cart company. Indian food.<br><br>More Information (http://www.foodcartsportland.com/2007/08/31/new-taste-of-india/)","Untitled layer"
"44",-122.681354,45.509757,0,"Taqueria Villanueva","<img src=""https://lh6.googleusercontent.com/proxy/AqfKtGm6VszAyYs_DtZ7l2NVpzEE-7njDZwTaBeRRXhY_H1ZXifv3NjUoJrw5Fn75Od8SiHIxGN8kPCRJiIAGPKe-cV_QOItE1z1f1zFYNqVMg"" height=""200"" width=""auto"" /><br><br>Mexican food including tacos and burritos<br>Monday through Friday, lunchtime<br><br>More Information (http://www.foodcartsportland.com/2009/03/15/taqueria-villanueva-2/)","Untitled layer"
"45",-122.681368,45.509738,0,"Thai Pasta","Thai food<br>Monday through Friday, lunchtime<br><br>More Information (http://www.foodcartsportland.com/2008/01/28/thai-pasta/)","Untitled layer"
"46",-122.681392,45.509695,0,"Rice and Noodle","","Untitled layer"
"47",-122.681408,45.509646,0,"Inter selects","<img src=""https://lh4.googleusercontent.com/proxy/3bwDdNXcphLQ_bXbmkCBaYOPNh58YxGO0ufVtHYQAz1JFl7oejVRa6Pi84qxxXMqD4eCwfXj7t-MN43B0TNmJqEXl8Re_gbG5xRjGFTIMPn_lEf4L3L0yEvFfA"" height=""200"" width=""auto"" /><br><br>A food cart specializing in Thai cuisine<br>Monday through Friday, lunchtime<br><br>More Information (http://www.foodcartsportland.com/2009/03/16/inter-selects-a-thai-cart/)","Untitled layer"
"48",-122.681429,45.509614,0,"Fernando's Mundo Fiesta","<img src=""https://lh5.googleusercontent.com/proxy/Oz-sBDKIW_Vi8Sri-IYl-PNCJ-YowFkUal0m9dsjx1SUNmWbEgx6G2f6idoHeVjYIcWVQxWYmDoIZM698omoZPcLfYbnn5_ZRN77uO32xoA"" height=""200"" width=""auto"" /><br><br>Large menu including specialty burgers, wraps and other sandwiches.<br>Monday through Friday, lunchtime<br><br>More Information (http://www.foodcartsportland.com/2010/01/29/fernandos-mundo-fiesta/)","Untitled layer"
"49",-122.681445,45.509578,0,"Original Chopollo's","<img src=""https://lh5.googleusercontent.com/proxy/53r9R-Dumpu3o9cuYgrZA3ovG7e3v2RrN-YdBWBc_vOD5npSGal4tVLPajQz2JaBaHbwdQP6y96pkLtcNmUYLKIwCn46uQxlubvpiRmm6Bg"" height=""200"" width=""auto"" /><br><br>Mexican food cart<br>Monday through Friday, lunchtime<br><br>More Information (http://www.foodcartsportland.com/2009/11/11/original-chopollos-mexican-food/)","Untitled layer"
"50",-122.681478,45.509539,0,"Portland Soup Company","<img src=""https://lh5.googleusercontent.com/proxy/_MKEqEhusETu_R8ySxYVU-1QZloIgpApNPT7mDs_KW5T8RZ_iapA8-kCJ0QUSJELtzlcpkloF5K3NrZC6dQMDHneJuKvKITWD8zi_GxNuj84IS4TdfMI7CttazmXXw"" height=""200"" width=""auto"" /><br><br>Specializing in artisan soups, sandwiches and salads.<br>Monday through Friday, lunchtime<br><br>More Information (http://www.foodcartsportland.com/2009/07/17/portland-soup-company/)","Untitled layer"
"51",-122.681491,45.509505,0,"Vietnamese Banh Mi","<img src=""https://lh3.googleusercontent.com/proxy/nBaIi9NmvcbDWtufs-WdgVxc0HJk6Ve4QX1t4clwABUCtvJ7FBJElObAYPvaGYZCUUneQ7odglfPhERdReK6VMCdKf_u37uDlkpxy0ASvnfMAWw3HWZG"" height=""200"" width=""auto"" /><br><br>A cart specializing in banh mi sandwiches.<br>Monday through Friday, lunchtime<br><br>More Information (http://www.foodcartsportland.com/2009/06/12/vietnamese-banh-mi-sandwiches/)","Untitled layer"
"52",-122.681526,45.509443,0,"dosirak","","Untitled layer"
"53",-122.680716,45.520665,0,"The Frying Scotsman","<img src=""https://lh5.googleusercontent.com/proxy/nW4Ty0tFl5bYe3MR8ivZetE77FhOxU-JrAKElBRWGOEUlsyMtSceVVq-5jv-yPBRfLZyWF1--_3fGbGlv-KvLQfMq5Dvw88oyxrc89cvCCw"" height=""200"" width=""auto"" /><br><br>Traditional Scottish fish and chips.<br>Monday through Friday, lunchtime<br><br>More Information (http://www.foodcartsportland.com/2009/10/07/the-frying-scotsman-fish-and-chips/)","Untitled layer"
"54",-122.675368,45.547664,0,"Flavour Spot","<img src=""https://lh5.googleusercontent.com/proxy/cZa6aapLyB0geLd3yJI4g-Z8A4SY5Dlki3-4JkbR6j08HO1oOFXxFF08sGVfd7iCBKDOLXEuinChHTiM8MGVTMxCeOZ3OmReZu1eMH3nBaCr1vmB"" height=""200"" width=""auto"" /><br><br>Specializing in waffle sandwiches both savory and sweet. <br>Mon-Thurs - 9am-4pm; Friday/Saturday - 9am-8pm; Sunday - 9am-3pm<br><br>More Information (http://www.foodcartsportland.com/2007/10/23/flavour-spot/)","Untitled layer"
"55",-122.675604,45.554293,0,"The Big Egg","<img src=""https://lh4.googleusercontent.com/proxy/nCS7bEFE3OI6CjUBb7cqypS86uuvmHRUGRi_fRDGrahHn9EmK4W0yVLEWJpH6xuzoCTEWJ398CV4IOOwAhFLtIeGuGzJ_HiAPUd-lCzj2AU"" height=""200"" width=""auto"" /><br><br>Specializing in breakfast sandwiches and wraps - one of Portland's best carts<br>Wed-Fri - 8am-2pm; Sat/Sun - 9am-2pm<br><br>More Information (http://www.foodcartsportland.com/2009/09/21/the-big-egg/)","Untitled layer"
"56",-122.682894,45.562543,0,"La Chiquita","<img src=""https://lh6.googleusercontent.com/proxy/yVcMoi0VaTzfvfJxzba-BHICFqBCpMg5j4lXanITMTykRGL8YIuU8zQCAxADrFHV90m9WAnn8rDBuaVxy5gN53D535Mf6pqzqoqwHCwJTM7Icw"" height=""200"" width=""auto"" /><br><br>Mexican tacos and burritos<br>Monday through Saturday 11am-5pm<br><br>More Information (http://www.foodcartsportland.com/2007/09/23/la-chuquita/)","Untitled layer"
"57",-122.675998,45.554338,0,"Native Bowl","<img src=""https://lh6.googleusercontent.com/proxy/hC6egIUqppuKyy6962qO6Wotjsx3L4Hs9gHyXXbUUjaR9Pvg2EX-TROl1asYul9Jgc8BftzYYwI78IV1hmz8XU3OLUrQC34pvYUTOypQm5I"" height=""200"" width=""auto"" /><br><br>Vegan rice bowls, sandwiches and sweets.<br>Wednesday through Sunday open at 11am<br><br>More Information (http://www.foodcartsportland.com/2009/11/06/native-bowl/)","Untitled layer"
"58",-122.65354,45.512514,0,"Pyro Pizza","<img src=""https://lh6.googleusercontent.com/proxy/c-eUEMEyfU_DRbGCknrsqsYII4plw8uoFybFzzXv08eZtWJplOgjxc2qEoODxwGg6OVHix9fwgYhVDRb85tF7U_d9NJABJpos7YrAedgQZA"" height=""200"" width=""auto"" /><br><br>Wood Fired oven pizza and handmade sodas.<br>Tues-Thurs: 6pm-12am; Friday/Saturday: 6pm-3am<br><br>More Information (http://www.foodcartsportland.com/2009/11/16/pyro-pizza/)","Untitled layer"
"59",-122.653239,45.512512,0,"El Brasero","<img src=""https://lh4.googleusercontent.com/proxy/aUkxoIoRpuMAqQYxe8FWznoupqTHwMrf_r2FzfsLDL_aVHJDiry-NI94RMblnErCy6wraZ7yFwxcyLZpiLUdOiw3_knr7HU804hFFonBzg8"" height=""200"" width=""auto"" /><br><br>Mexican tacos and burritos<br>Open most days for lunch and into late night on the weekends.<br><br>More Information (http://www.foodcartsportland.com/2009/12/02/el-brasero/)","Untitled layer"
"60",-122.653451,45.512369,0,"Perierra Creperie","<img src=""https://lh3.googleusercontent.com/proxy/rCIKLCaMRBMndAeZ2gIzN3JtGDw6hgLOs-MM4qI0Mn80rSAdDg1AS8xggyrTkbsLsk60pnzQJmBnpz5wJt_dlldaZL46i0-967ubkU1F15FsXtGAYKG8WKAGDMPGxkqQK-Ud85k"" height=""200"" width=""auto"" /><br><br>French inspired hand made savory and sweet crepes<br>Tues-Sat: 8am-3am; Sunday 9am-3pm<br><br>More Information (http://www.foodcartsportland.com/2009/05/10/perierra-creperie/)","Untitled layer"
"61",-122.653532,45.512416,0,"Potato Champion","<img src=""https://lh6.googleusercontent.com/proxy/G1xERUjvGpqSm4JYTWtXeb2sQbGPDbY9jcLKtbrfKw-XVc957iRcSt6YVWv7KyRc-5edH9c9s68-m_FgHczpEi7ZWw4FyK3BKPWwuSodfBY"" height=""200"" width=""auto"" /><br><br>Late night Belgian fries and poutine.<br>Tues-Sun: 6pm-3am<br><br>More Information (http://www.foodcartsportland.com/2008/10/19/potato-champion/)","Untitled layer"
"62",-122.673887,45.520053,0,"PFE Sushi and Chinese Food","<img src=""https://lh3.googleusercontent.com/proxy/UgaJzjMDbsZt8OpQgSILxL8XSJmHHcsnVZImHb8LAA_kTPBA1A_S7mcdBg9FuwuV9K7haiE-N3u0lVV_9BPcqUhy1uY34KPHIGiFIhl4G60"" height=""200"" width=""auto"" /><br><br>Fresh sushi made while you wait along with chinese dishes.<br><br> <br>More Information (http://www.foodcartsportland.com/2010/05/26/pfe-sushi-and-chinese-food/)","Untitled layer"
"63",-122.676392,45.520861,0,"Bulkogi Korean BBQ","<img src=""https://lh6.googleusercontent.com/proxy/P1mhC3SKKb0EWdiijg40_a6a0I5mgVVKcz5Xci09SGvBwvFZdCehBiGSyBAyYciQ2uryMa8NK6h_oXhUdtuentcZmmk65b05DciHKSv1U2U"" height=""200"" width=""auto"" /><br><br>Korean inspired tacos, burritos, ramen and udon dishes.<br>Open daily for lunch<br><br> <br>More information (http://www.foodcartsportland.com/2010/03/04/bulkogi-korean-bbq/)","Untitled layer"
"64",-122.681301,45.509843,0,"Poompui Thai","<img src=""https://lh5.googleusercontent.com/proxy/VB5Yq6psWL8d-sWtJGramgimMC_zXGd1MTCL6Oo7kWFbNr41Afj0HEORkDkM91vUCZgEKgY4oIpP2X-K50Aqwj7W3zNdk1jHOHhtP4GnofRuDve68yCm"" height=""200"" width=""auto"" /><br><br>Thai cuisine<br>Open daily for lunch<br><br> <br>More information (http://www.foodcartsportland.com/2009/04/29/poompui-thai/).","Untitled layer"
"65",-122.611177,45.504377,0,"Scoop","<img src=""https://lh3.googleusercontent.com/proxy/sNeQSvkYCNDETNQ62fttuQ285QbmfU5Cr252FWTGVPTgs4KwERD7jFt-mTWXuSaUsCSByVZw_W96ayn7qWlW0YSj95Gf12fduJGoW8yLBbeKuQ"" height=""200"" width=""auto"" /><br><br>Organic Ice Cream<br><br> <br>More information and hours (http://www.foodcartsportland.com/2010/11/16/scoop/)","Untitled layer"
"66",-122.60931,45.540819,0,"PDX671","<img src=""https://lh5.googleusercontent.com/proxy/dFiCSb_gvQitGCHP-H2ipPUas0450uVMvznvKFrHlGezxedp9_IA8gYxbyhvzt0aAcLJodpJYyumKS4ke2VgsHWcP9HCVcgFZ11OWQwvU9eqRQ"" height=""200"" width=""auto"" /><br><br>Guam and Pacific NW influenced food.<br>Open daily for lunch and dinner hours<br><br> <br>More Information (http://www.foodcartsportland.com/2010/08/05/pdx671/)","Untitled layer"
"67",-122.69115,45.576862,0,"FlavourSpot","","Untitled layer"
"68",-122.65307,45.466901,0,"Zenbu","<img src=""https://lh3.googleusercontent.com/proxy/283kZhW8plWZmt71h6voRAD6bbProx9dvRL8VeKeIB-zUtZFYXjpO6z1xjbU77tz2PPtlkzx_lDaEFqhQAzEMbm179_NqfOtRZN9nXpsy-U"" height=""200"" width=""auto"" /><br><br>Japanese sushi and other dishes<br>Open daily for lunch<br>More information (http://www.foodcartsportland.com/2010/06/03/zenbu/)","Untitled layer"
"69",-122.617904,45.516517,0,"Namu Korean BBQ","<img src=""https://lh5.googleusercontent.com/proxy/Q-GqQ75WqkQkE7HtgIOCrH3ZzBltCa0qoCMrn9Qjj_XONX-O9qu26mn-_1D_TvaonngySmBYAFAgicDE3RmiaOUrPKqAji-x2u8pKlsvKQQ"" height=""200"" width=""auto"" /><br><br>Great pulled pork sandwiches and other BBQ items with Korean influence<br>Open daily for lunch and dinner<br>More information here (http://www.foodcartsportland.com/2010/06/17/namu-killer-korean-bbq/)","Untitled layer"
"70",-122.612867,45.47902,0,"El Gallo Taqueria","<img src=""https://lh3.googleusercontent.com/proxy/q5D8Q7kFALXD44uqa0nR9sScI8_Pe3ECQtQdQgLONqfy47LsbMDtNVqKTpkfy0-HAobnI1FX_0fK0yFE444DvKdMQpeoVydG5uEdw9L7NzY"" height=""200"" width=""auto"" /><br><br>New Mexican inspired tacos and other dishes.<br>Open T-Sat, 12-7pm<br>More Information (http://www.foodcartsportland.com/2009/11/05/el-gallo-taqueria/)","Untitled layer"
"71",-122.654943,45.559166,0,"Grilled Cheese Grill","<img src=""https://lh5.googleusercontent.com/proxy/AAz68IfXSBA7S0JKbiO-4h9diqxUCCaLgb4JPEUh4VWWNnXrP-BjGwTB4Y8UxFN_GupXJ1vxbCHbA6tqG7ju72FKOIACkhvGyWK2M04vYMg"" height=""200"" width=""auto"" /><br><br>Signature grilled cheese sandwiches<br>Open Tues-Thurs, 11:30-9; Friday/Saturday, 11:30-late, Sunday open<br>More Information (http://www.foodcartsportland.com/2009/05/03/grilled-cheese-grill/)","Untitled layer"
"72",-122.682231,45.520823,0,"The Dump Truck","<img src=""https://lh5.googleusercontent.com/proxy/M8ObZvpgo9U5DeIFAW2xSYXimrMZ8_asaez8EZb1KiVyBA0tC5uoKWu5iV5_sAbARQef--Viv7mNBKce1IFkkqR7L8lxuS2OP_KdztH8grk"" height=""200"" width=""auto"" /><br><br>Handmade Asian dumplings<br>Open M-F, 11am-4pm<br>More Information (http://www.foodcartsportland.com/2010/06/22/the-dump-truck/)","Untitled layer"
"73",-122.675807,45.551338,0,"Wolf and Bear's","<img src=""https://lh3.googleusercontent.com/proxy/rGvaINmzweGmiW1E7tpW-CvSpoEZdvbOi_k3N0DdM9wLb7cKYajP7CTEIuztbcDHAwiaGTCYR6_ecpAStJlRjC9eChHVRStSffBRjSeyx0o"" height=""200"" width=""auto"" /><br><br>Israeli inspired food like falafel and hummus<br>Open W/Th 12-8pm; F/S 12-10pm<br>More information (http://www.foodcartsportland.com/2009/09/10/wolf-bears/)","Untitled layer"
"74",-122.611166,45.504478,0,"Chicken Run","<img src=""https://lh6.googleusercontent.com/proxy/oufgx987x4vAWDllN2K9SarjZJ1MjIVAOT3eOhdTUGsulHMRNl8I5IYOcsl0_UlpHskAt1D5PPPOR87-8pbfLeeaPWvJIH_IIUFOCq10osAC5g"" height=""200"" width=""auto"" /><br><br>Thai<br>More Information (http://www.foodcartsportland.com/2010/12/19/chicken-run/)","Untitled layer"
"75",-122.636261,45.504512,0,"The Dog House","<img src=""https://lh6.googleusercontent.com/proxy/SUMzq6fCa16AMaVW_aSjNZJ1FJHE6VSNLKlMNYBI1XU7B7QxVgFXH_zDj94eRsrj0neapE73DAP5ErtYRMrIjnhh3YCPB0yEC15BuUET4GUQQw"" height=""200"" width=""auto"" /><br><br>Hot Dogs and tater tots<br>More Information (http://www.foodcartsportland.com/2011/05/05/the-dog-house-pdx/)","Untitled layer"
"76",-122.674635,45.519799,0,"Taste of Korea","","Untitled layer"
"77",-122.680517,45.521069,0,"808 Grinds","<img src=""https://lh6.googleusercontent.com/proxy/NyZNQ1Q0qjtJFNm9KEHaHfE0OP-NjyS_WEdZFUD-hRdzUCjkSpZ0KIvPBZc_T8qUk_S-Vn5aoRgNUtIx1DfaqP-0jFpMdl4iKmJf5czVkKmLQQ"" height=""200"" width=""auto"" /><br><br>Hawaiian food and sushi<br>Open daily for lunch<br>More Information (http://www.foodcartsportland.com/2010/11/04/808-grinds/)","Untitled layer"
"78",-122.680542,45.521011,0,"Emame's Ethiopian","<img src=""https://lh5.googleusercontent.com/proxy/Y3IpseZwHMg5Kv16hIsrK32T_h0oamRn_EZZttM1JABboYkroK07Z3wOxWP6R-NesSZAG4f8S4t3sN8q-JanDoUzE2N5dzfPvZLALHDdf661gA"" height=""200"" width=""auto"" /><br><br>Ethiopian Food<br>Open daily for lunch<br>More Information (http://www.foodcartsportland.com/2010/12/01/emames-ethiopian-cuisine/)","Untitled layer"
"79",-122.680684,45.520733,0,"A Little Bit of Smoke","<img src=""https://lh4.googleusercontent.com/proxy/t2QjA6a4ZO5UC96VgroUsE29JuM650peX2tTchaJa9f5B6X56QF69T4FIA6fKHXFec-nUILrOksV8c6rC7lbxSWA645t6CaeynRp-Q8NjfPjCQ"" height=""200"" width=""auto"" /><br><br>North Carolina BBQ sandwiches and sides<br>Open Weekdays, lunchtime<br>More Information (http://www.foodcartsportland.com/2011/03/18/a-little-bit-of-smoke/)","Untitled layer"
"80",-122.681226,45.520562,0,"Island Grill","Hawaiian plate lunch","Untitled layer"
"81",-122.558563,45.519211,0,"Taqueria Los Arcos","<img src=""https://lh4.googleusercontent.com/proxy/VahNAzTzqHH1NHgxcF1srV3jv5Ykrf9D8RE362KvPjF24_DMPn9QYZ1h0xvI5vFuOyQPqgj8Q1NGn6MZ6-wLsN8a3f2sHKN3r1abUZYrVNE"" height=""200"" width=""auto"" /><br><br>Mexican food<br>Open daily for lunch<br>More Information (http://www.foodcartsportland.com/2010/04/29/taqueria-los-arcos/)","Untitled layer"
"82",-122.558791,45.519288,0,"Taqueria Antojitos Yucatecos","<img src=""https://lh3.googleusercontent.com/proxy/YYMAcq7c79dwM2OehKLZU1JreUCalnjXQbQ_ota4FAyA1nTBZfz8QHB9eEdguv26tNdUoo5jJcWaT4e8h3P8SoAZqtY0XJWnat6x1xIisDs"" height=""200"" width=""auto"" /><br><br>Yucatan style Mexican fare<br>Open daily and weekends for lunch<br>More Information (http://www.foodcartsportland.com/2010/03/30/taqueria-antojitos-yucatecos/)","Untitled layer"
"83",-122.681537,45.52097,0,"E-San Thai","","Untitled layer"
"84",-122.681574,45.520885,0,"Taqueria El Rodeo","","Untitled layer"
"85",-122.579232,45.463871,0,"Cheesesteak Nirvana","<img src=""https://lh4.googleusercontent.com/proxy/w5MqbFRI9zmzKA01Nnr7r3fEN6JhYZ-gQn4eDJFiPkA9z_-k5uXzW0ycq7UhbxEUsMb4APOCnPMCGn9KyZgCYb4ULExXQYhA7tDie_KSCqzz6w"" height=""200"" width=""auto"" /><br><br>Traditional Philly Cheesesteaks<br>Open daily and weekends<br>More Information (http://www.foodcartsportland.com/2011/08/13/cheesesteak-nirvana/)","Untitled layer"
"86",-122.579371,45.463965,0,"Blazin' Grill","Hot Dogs and Sausages","Untitled layer"
"87",-122.5795,45.463588,0,"Cartlandia Food Pod","","Untitled layer"
"88",-122.611617,45.505516,0,"Taqueria Los Gorditos","<img src=""https://lh3.googleusercontent.com/proxy/5iLPe7ynKFHzwv0AWF6OmHnsWOZxt8JJJrwP_BB7JvzyMpDY8Nx3mwvqPTKoQ-mwJ2shCx_QEc4E11jlYOc27EwOeqXZjScw39mBbIAvO850oLK3yUh4tmu7iTQ"" height=""200"" width=""auto"" /><br><br>Vegetarian and vegan Mexican food<br>Open daily<br>More Information (http://www.foodcartsportland.com/2009/03/19/taqueria-los-gorditos/)","Untitled layer"
"89",-122.675877,45.554287,0,"Koi Fusion","<img src=""https://lh5.googleusercontent.com/proxy/_UWnZUEee06dCY9PAmcZvXX14q2-kytwnOtTYsYN_a6Ud277C7tvrpDtoBlRjNAWHxwOzmQ3U42v-HzPjjMMtaSwaytmwaWU0p_XOHd8RS0"" height=""200"" width=""auto"" /><br><br>Korean Fusion Tacos<br>Open Daily lunch to 8:30pm","Untitled layer"
"90",-122.742251,45.587705,0,"Che Cafe","<img src=""https://lh3.googleusercontent.com/proxy/_Fsam2mQ2EPiR4fDOUCkbCIDmkdFvCYEvdqEMXWMCy3A4M22z8_6PokZT7N8yEZFwH92a307daoZMd-1vXT7SK54Is-7YCvXcFa7MuSHQRc"" height=""200"" width=""auto"" /><br><br>Burgers, sandwiches, soups and salads<br>Open Mon-Sat, 11am-7pm<br>More Info (http://www.foodcartsportland.com/2009/11/03/che-cafe/)","Untitled layer"
"91",-122.666473,45.538365,0,"Solar Waffle Works","<img src=""https://lh4.googleusercontent.com/proxy/jtJixgZe7zmR-BXCqRVBgpAK68-_yAKfXlMDATF8l410zD4aXQzlAQ-pnXElc1nUzYijTYN9_7kWfkLmnx_5un3mxfVTH8-aRe9-8yqtej4ZdCszFfKEibkdaIN-bFhYcwk"" height=""200"" width=""auto"" /><br><br>Waffles and more<br>More info (http://www.foodcartsportland.com/2010/03/27/solar-waffle-works/)","Untitled layer"
"92",-122.558863,45.519173,0,"La Cocina De Chepe","","Untitled layer"
"93",-122.558869,45.519229,0,"Philippine Cuisine","<img src=""https://lh6.googleusercontent.com/proxy/n_dwg8N9mUZb-KjpqmLiy8r1n6ygvPOq3YybcbhlYTN__qy2Oo-dCgef-8N_OQ7r7JDE0F36KNAlq6Qp-3qlAbyOX1BfhRvIL5TRF39jhjMu"" height=""200"" width=""auto"" /><br><br>Open every day but Thursday 11-8<br>More Info (http://www.foodcartsportland.com/2011/08/01/philippine-cuisine/)","Untitled layer"
"94",-122.617872,45.516222,0,"Herb's Mac and Cheese","<img src=""https://lh3.googleusercontent.com/proxy/7JGGV6RzaEudkCcPN0gk9OI_CEsq_Rhab4QetANdc8SdNHdLg1S3jJZJdoHAtMCMaZd86JrajKxNmcGsavJafjs7DDRu9xf8Tggm7uTIFmHkVA"" height=""200"" width=""auto"" /><br><br>Mac and Cheese and more<br>Open Wed-Sun, 12-8pm<br>More Info (http://www.foodcartsportland.com/2011/09/21/herbs-mac-cheese/)","Untitled layer"
"95",-122.618186,45.516484,0,"Viking Soul Food","<img src=""https://lh4.googleusercontent.com/proxy/OKEpVPLfGDZMjjM25EtJfv2qAvw77Vvzd4aLs5wr0PgDyI8PIqhPbzAJ9i0u2MJ5yfHYL2CDrFbkms9FoCfgs9ERMwEtMxS1eS7K39Fuw30y7A"" height=""200"" width=""auto"" /><br><br>Swedish dishes<br>Open Tues-Sat, 11-7<br>More info (http://www.foodcartsportland.com/2010/11/01/viking-soul-food/)","Untitled layer"
"96",-122.611381,45.504435,0,"The Burger Guild","<img src=""https://lh6.googleusercontent.com/proxy/MBcrpr81q3g5ZlVmpQ8cvyegQrQZQmn0M0BvMGPvV1VPFYKPqNX9DjXnJWrePER4pgK4NOIwsigMk3zdWG4MarGo22mXvqOp9-QYaPzZ8Oy_ZA"" height=""200"" width=""auto"" /><br><br>Stuffed burgers<br>Open Tues-Sat, 12-9pm<br>More Info (http://www.foodcartsportland.com/2011/08/01/the-burger-guild/)","Untitled layer"
"97",-122.611477,45.504529,0,"La Arepa","<img src=""https://lh6.googleusercontent.com/proxy/rPLIJRPOWl0WfFmJ-JMgbveA_w89H-tie5QfZFmQwe8eDgrMGmpwSkygZL0C-M_61XFsAmLwzR4wu0FlaRer1HzF77ywRyjCAdUlI4iGVUrP"" height=""200"" width=""auto"" /><br><br>Venezuelan food<br>More Info (http://www.foodcartsportland.com/2011/12/09/la-arepa-venezuelan/)","Untitled layer"
"98",-122.611164,45.504586,0,"Azul Tequila Mexican Taqueria","<img src=""https://lh6.googleusercontent.com/proxy/AJEAvKn6A_Ykb8G-s-HRxJAk5QtesQT9WRkJYUrEVBni4oqLY65OLwW6iNhic8lubboM7EJA7o-3ATUU-6Uu_07jPpG45E_tVCW5yMuERKRh5Q"" height=""200"" width=""auto"" /><br><br>Open daily 10-9<br>More Info (http://www.foodcartsportland.com/2010/09/05/azul-tequila-mexican-taqueria/)","Untitled layer"
"99",-122.608645,45.495706,0,"Sanjai's Teriyaki","<img src=""https://lh3.googleusercontent.com/proxy/WRlxEueksgR2dXHslBwbwP9sb7QGfin5VNDFdXl06YWANLh-rG03m9M2BmHFnC9-eAHrmPZD03y1aOjinANt7pHi38fao-G0E8A0Yq-YV9Ak"" height=""200"" width=""auto"" /><br><br>Teriyaki and Yakisoba<br>Open daily<br>More info (http://www.foodcartsportland.com/2011/12/11/sanjais-teriyaki/)","Untitled layer"
"100",-122.608849,45.495849,0,"El Sultan","<img src=""https://lh3.googleusercontent.com/proxy/eCErQfp29LdE03PJZ9eP4qzcHAXjcMYj3drnU-qDyE2yEAHAqNqaiNMToSfR_cnCYfoMHQZRAfAsaLG9Bi5BV8k315LVwlTcGCuVffrKXhJtdA"" height=""200"" width=""auto"" /><br><br>Mexican and Greek food<br>Open daily<br>more info (http://www.foodcartsportland.com/2011/03/17/el-sultan/)","Untitled layer"
"101",-122.612923,45.479022,0,"Yolk","<img src=""https://lh5.googleusercontent.com/proxy/T2ENldqR08NNycIA1kRIHlHa5_k34l5MMKzgKlkIEGuzPd_1EJtz2S6RUZiP4OEkspTIFY38VFOrvcCU-6KDrRPv1qHOhkoVJ0hFEIn0oD2H-Q"" height=""200"" width=""auto"" /><br><br>Breakfast food cart<br>Open daily fro breakfast including weekends<br>More info (http://www.foodcartsportland.com/2011/10/28/yolk/)","Untitled layer"
"102",-122.579237,45.464119,0,"Rock House Grill","<img src=""https://lh5.googleusercontent.com/proxy/qBUnVV7scsHAEV7chOX9xb42rvzIMrJDd1pxxw_Lt7FaUwHylvG5wAenM4rpYHrpHv_a3632c0Va8_fg09m7zvuAhG5VIW0SqXEqLt9cDKpLnQ"" height=""200"" width=""auto"" /><br><br>Full service grill and restaurant<br>Open daily<br>More info (http://www.foodcartsportland.com/2011/11/12/the-rock-house-grill/)","Untitled layer"
"103",-122.579559,45.463901,0,"GF Chef","","Untitled layer"
"104",-122.579704,45.463713,0,"Lonchera Brother Express","<img src=""https://lh6.googleusercontent.com/proxy/QJLTKfe2nZ8X6ldKOJydVZGMASUrnq4YWIzUrEJt0u2VyQcEpjXTD27v2UhmnpwzaQAT9lqksnq3kKD3-Zvtb_5e_B1wdC5VGAe5u__Db0JJ"" height=""200"" width=""auto"" /><br><br>Mexican Food Truck<br>Open daily lunch and dinner <br>More Info (http://www.foodcartsportland.com/2012/01/05/lonchera-brother-express-mexican/)","Untitled layer"
"105",-122.5795,45.463995,0,"Diamond Thai","<img src=""https://lh3.googleusercontent.com/proxy/BDvmGIbjSGYbqTkRFVtMrpGRUPO6aZOSjKHUbkGi3rWq02lt3e7NVwuP-gJU6zjZ82szhd1oe_4Smo4GIdKI_z8t8sdjXd7kbUGV4z_CajSp"" height=""200"" width=""auto"" /><br><br>Thai cuisine<br>Open daily","Untitled layer"
"106",-122.653534,45.467294,0,"Taqueria Urapan","","Untitled layer"
"107",-122.742562,45.587682,0,"Chowdah","<img src=""https://lh4.googleusercontent.com/proxy/m2R0kpbAsbx_6LJ1msMVj4UEUJapeeRtOOxlOg1MG-dTGfp3YRB8EQl_ec-TSRN-D0b1hHqeA34Od_jrje5Dz2b-4FxfFFYF5HZTUWaqX_CJ"" height=""200"" width=""auto"" /><br><br>New England Chowdah and sandwiches<br>Open Tues-Sat<br>More info (http://www.foodcartsportland.com/2012/02/24/chowdah/)","Untitled layer"
"108",-122.690168,45.53383,0,"Brisket's","<img src=""https://lh6.googleusercontent.com/proxy/ygeWHfKfdwnEuEdtVtH9fpumwQmVJmIR9cUryQcgxyhwO-9XYhiPOGdUpcJUveAETYeUmqqvKW6jMYRaTfw8CMdStkWW3K5Or3AwGP-Sc6FJlQ"" height=""200"" width=""auto"" /><br><br>Brisket sandwiches and more<br>Open daily for lunch<br>More info (http://www.foodcartsportland.com/2011/10/18/briskets/)","Untitled layer"
"109",-122.680619,45.521111,0,"New Taste of India","","Untitled layer"
"110",-122.680684,45.521133,0,"Noodle House","<img src=""https://lh4.googleusercontent.com/proxy/FOwBvfBtpR45GM7LYurqQl1vvEMEs9FPUDefr5JCi2zTfAzjh_dWu2uYF_l8eF0LYhiEQfPE9Jms4JQ2OOC9qqX36s5hkoqryqtuhFkRLOWeMQ"" height=""200"" width=""auto"" /><br><br>","Untitled layer"
"111",-122.680858,45.521173,0,"Saffron Indian","","Untitled layer"
"112",-122.681472,45.521097,0,"Grilled Cheese Grill Downtown","<img src=""https://lh6.googleusercontent.com/proxy/JGQQu_ngLy3CeQEI5GPPWiCj0wC6GadDkSsv975YZ8VC7V1bNXQJMOg1yMiQTwo7Lp9cu57NBMdIt40uLfdgaBHre5YclHmf3VQhLWuAAZOi"" height=""200"" width=""auto"" /><br><br>","Untitled layer"
"113",-122.742509,45.587765,0,"Velas Cart","<img src=""https://lh6.googleusercontent.com/proxy/rDHivjau0uo4qus4T7WN-G3YyZ0_2snXF1CROomH1oTbEdQdYnCp0Xq_fR9R-sFhXf4rN1KOuL6gIpE2KUSPL-VopjHSaY2RO58O76qLWw-v"" height=""200"" width=""auto"" /><br><br>Mexican<br>Open daily and weekends at Kruger Farms<br>More Details (http://www.foodcartsportland.com/2012/01/23/velas-cart/)","Untitled layer"
"114",-122.637591,45.521864,0,"Grilled Cheese Grill ","<img src=""https://lh5.googleusercontent.com/proxy/uBRmfIzJXxftdO_lBjtgq7K5nbuQV6rvFcMoQRm6W7PBjUOxyhZCRgw_HxX5vugBX-51_dEYmkeEZWcGMigJ7K2EpfAZrT5FW_Sky5E-zlMg"" height=""200"" width=""auto"" /><br><br>Open daily for lunch","Untitled layer"
"115",-122.637441,45.521804,0,"Guero","<img src=""https://lh3.googleusercontent.com/proxy/HfRYnXppyWqDn3-0sQ-btzO9fk9Y6_57ImYVJAp7o1BAhb7VEWshSTCaXUTVsKu8E2tobpMVvekMU1hlwMNoS9jtaKE9DjjEH41AD2h9Zl5Z"" height=""200"" width=""auto"" /><br><br>Mexican<br>More details (http://www.foodcartsportland.com/2013/05/13/guero/)","Untitled layer"
"116",-122.74224,45.587562,0,"Farmfood","<img src=""https://lh6.googleusercontent.com/proxy/mmU_5Tf8OYrCcVizxOB_k3w6_GyKQKyZDkS337opoLhJ5X9gBEBFASOCmLXIBHakZ0WDegzMJefZSlirgFQ842GcyIHV3lMXqSRKsXtcKUBY"" height=""200"" width=""auto"" /><br><br>Breakfast sandwiches and more<br>http://www.foodcartsportland.com/2013/08/12/farmfood/","Untitled layer"
"117",-122.676494,45.562847,0,"Om Nom","<img src=""https://lh5.googleusercontent.com/proxy/y5-breXdfrhOxjRlkXg8EOrFOr77peP-hoYnCqUhc1zsaCvEgRrc1CNyk9He-DNUsnQgHrLToGpL9fQomuzspvZn_A-uu42fq2alXby4bYPOqg"" height=""200"" width=""auto"" /><br><br>Gluten Free waffles at Killingsworth Station<br>http://www.foodcartsportland.com/2013/11/14/om-nom-gluten-free-waffles/","Untitled layer"
"118",-122.675947,45.554295,0,"HomeGrown Smoker","<img src=""https://lh3.googleusercontent.com/proxy/atNziUQf0-Va9r5pmYLgItTp9284nvXdeZZHcAhbcK8ZWVZ6O9OCB2Ao4yqcUu78EUVgFxo5U5f8s06use-kul1MPBhD3rmqxEt38QnLU4k"" height=""200"" width=""auto"" /><br><br>Vegan BBQ<br>http://www.foodcartsportland.com/2009/08/17/homegrown-smoker-natural-barbecue/","Untitled layer"
"119",-122.675668,45.548231,0,"King Burrito","","Untitled layer"
"120",-122.668037,45.548203,0,"Que Sabrosa","<img src=""https://lh5.googleusercontent.com/proxy/qCIsKFA0IBt_yULXptr65slynSirdK-COj9zoCo0sasuHOdf7dMjUFjdAGzYtB4fnOlfLEpQjgqV66egSFlpmwcnypLqSg0ITn4IaYp1dJIzgg"" height=""200"" width=""auto"" /><br><br>Mexican<br>http://www.foodcartsportland.com/2010/10/12/que-sabrosa/","Untitled layer"
"121",-122.642274,45.559253,0,"Garden Monsters","<img src=""https://lh3.googleusercontent.com/proxy/gNc_8ZM_mmyacQXvv1LxVQqfiK2xeRN6iRFyNEzAYyzizL8VesUaHMPYEa1VThDgBcGT9s1hEM52ewftmidrWaCeocMmIR0t0W0NW1r9iQlmkT8"" height=""200"" width=""auto"" /><br><br>Salads and more<br>http://www.foodcartsportland.com/2013/03/11/garden-monsters/","Untitled layer"
"122",-122.64994,45.559234,0,"Organic Island Snow Shave Ice","<img src=""https://lh5.googleusercontent.com/proxy/6kx3offH48yYfwA019JOp9OEOI6PlQPULrAAayqv2GCACLepYf5zq6E7LIkvr9PgIytBLDkbtV0U3tEknSFqxchPWftz-88LxsEilHhDbli37R-IONqqNYROGrg"" height=""200"" width=""auto"" /><br><br>http://www.foodcartsportland.com/category/location/northeast-portland/ne-15th-and-alberta/","Untitled layer"
"123",-122.650155,45.559196,0,"Cultured Caveman","<img src=""https://lh3.googleusercontent.com/proxy/qwjO3xkLz9fAVI2BHAluq8350zQSLTLaKB2GNrj2iH4joR6y5dSkR5VM4BEeoxfOHfD4vX97UA3pQ12Enn-kKj4ICEyGRil7ckgk1qOBYWQIQzj1OAtDrN8"" height=""200"" width=""auto"" /><br><br>Palio Diet food cart<br>http://www.foodcartsportland.com/2012/07/10/the-cultured-caveman/","Untitled layer"
"124",-122.637811,45.55896,0,"Chefinos","<img src=""https://lh3.googleusercontent.com/proxy/--MRtMNNhF0S-WsEZWcR4bQsRN6DicWD3KML3YLIVl9bZSeOGsKa4P7A2lTrcn5d1wHT20tA8QwxVmsaTYsBpICmyUcQejnmhmxI66rykmjcd5XcMx2TbA0kdcSQijDbqnSu"" height=""200"" width=""auto"" /><br><br>Mexican<br>http://www.foodcartsportland.com/2013/10/18/chefinos/","Untitled layer"
"125",-122.642291,45.559121,0,"The Cheese Plate","<img src=""https://lh5.googleusercontent.com/proxy/xX5lyGep-8ZfdkHKnW9YJuh_WxzlVGbWcdfgDAG0HKwkJAU6AKxbo37l6pYTkZwor2oyd4uzYV7kog9c153Fa3ikgjcTQQMkZkGLyOcbYUGQ4TJ6a5l182WbOT4AUCPKNg"" height=""200"" width=""auto"" /><br><br>Cheese and crackers and more<br>http://www.foodcartsportland.com/2012/07/13/the-cheese-plate-pdx/","Untitled layer"
"126",-122.642006,45.559283,0,"The Sugar Shop","<img src=""https://lh6.googleusercontent.com/proxy/n6AM-aW9VnJZz-2EghNmLhUMNiVgcXjdkob4tHoeNLcFAoRmxwhfj5cA_d3CD1-Kqk5GlPECNCekF3R4Vk7TfCrx45jKP6UF6hAivritHY4h"" height=""200"" width=""auto"" /><br><br>Desserts and more<br>http://www.foodcartsportland.com/2013/01/15/the-sugar-shop/","Untitled layer"
"127",-122.609257,45.540732,0,"Bridgetown Bagel","<img src=""https://lh3.googleusercontent.com/proxy/dZ3zNbmsRjqIPvbqdIXxARHqOC4T3_VFEZzOH93_141k_mtp7CIeNuQsph-ark2EEnfXOw00IUu8kG1DyE7XXYL1xzzerXo19rVI8XjVbvq5OiYjgNPHzGszLmmYvINlBr3_s38"" height=""200"" width=""auto"" /><br><br>Bagels and more<br>http://www.foodcartsportland.com/2013/10/22/bridgetown-bagel-company/","Untitled layer"
"128",-122.609584,45.540845,0,"Vivi's Yummy Rolls","<img src=""https://lh6.googleusercontent.com/proxy/5KXyOp6TYe_UjrSjGcP9cel4Ue2klMh2gHB4-geOTI7USlIQCYQsW4zotAQJzm-g6MBK8nZI42zFUxZXPxL1rjDlmwgoBObuK5AM4ynbhqSBedMT91ANjEQdJGhHIqy6Wkew"" height=""200"" width=""auto"" /><br><br>Vietnamese<br>http://www.foodcartsportland.com/2013/09/20/vivis-yummy-rolls/","Untitled layer"
"129",-122.609257,45.540597,0,"Chen's Express","<img src=""https://lh5.googleusercontent.com/proxy/1zi8IregI_HShoF67UoHd5kYW29bkfd0iEbX4LQAVhS3qL4swecv4FUEosm_fdcrbT9jAOMWk-IuGDxtJLObRezFyWEGDljBIlj8Aak-N7gLjW0"" height=""200"" width=""auto"" /><br><br>Chinese<br>http://www.foodcartsportland.com/category/location/northeast-portland/ne-52nd-and-sandy/","Untitled layer"
"130",-122.609503,45.540714,0,"Bangkok Xpress","","Untitled layer"
"131",-122.615511,45.538196,0,"The Whole Bowl","<img src=""https://lh6.googleusercontent.com/proxy/FCRQ4CSqTpV6vWWoLArJzn233dm5bymOX0vQI-N99AA4D-utTDJfNjTTia-ynqnYKiqRGNQq3n-rpKC90Xsrrmvs-kiyt9ulbbUjaJcyJR5r"" height=""200"" width=""auto"" /><br><br>The Whole Bowl","Untitled layer"
"132",-122.663523,45.520844,0,"Koi Fusion","","Untitled layer"
"133",-122.637752,45.521797,0,"Wolf and Bear's","<img src=""https://lh3.googleusercontent.com/proxy/rGvaINmzweGmiW1E7tpW-CvSpoEZdvbOi_k3N0DdM9wLb7cKYajP7CTEIuztbcDHAwiaGTCYR6_ecpAStJlRjC9eChHVRStSffBRjSeyx0o"" height=""200"" width=""auto"" /><br><br>Falafel and more<br>http://www.foodcartsportland.com/2012/09/23/wolf-bears-2/","Untitled layer"
"134",-122.653331,45.51233,0,"PBJ's Grilled","<img src=""https://lh5.googleusercontent.com/proxy/b0x_6szDj_SHlrRDqmlKB-cQHw5dZCFqp4G6nkEPh7vRdbmOv3SRyR1lNkzToltUhT7_X6CascMJxSV_qOj82GucgTSba0SaAlsXQunzrTKM"" height=""200"" width=""auto"" /><br><br>Grilled Peanut butter and Jelly sandwiches<br>http://www.foodcartsportland.com/2013/08/01/pbjs-grilled-cartopia/","Untitled layer"
"135",-122.632581,45.512099,0,"Carte Blanche","<img src=""https://lh3.googleusercontent.com/proxy/tRe6I0NTD-Nds6mmP4jGNKBpZA3oDMwSVOAoTVEe99xX4DK9x0IaVFX5RGqeRG3ELuGNfEwlPYLtHEwy5rjk-UbwXdmi1_6yuZqoGrUovuLl"" height=""200"" width=""auto"" /><br><br>comfort food<br>http://www.foodcartsportland.com/2012/04/26/carte-blanche/","Untitled layer"
"136",-122.618194,45.516384,0,"Brazilian House","<img src=""https://lh5.googleusercontent.com/proxy/nQqlXJrflPCdVFJOZVtTxzSILqi6YdCIoDnnA5HEeRCh_QHPzS6sM0AOucyo0FDj2cBW-4R1QAciUomsK3OaSswZoXdA_yXYAx_ZQLMpTHtpJA"" height=""200"" width=""auto"" /><br><br>Brazilian<br>http://www.foodcartsportland.com/2013/10/31/brazilian-house/","Untitled layer"
"137",-122.632345,45.512091,0,"Fried Egg I'm In Love","<img src=""https://lh6.googleusercontent.com/proxy/DSl2xeH6BhLCyS6Dqb_GXFgeWPTzU_cGZXvPTOrMc60q20B7vl6OmN5rMJpJesPqj0j2cugQibC6MMG34DrIGXuZh-slsoYWphsNGVN1liv8fg"" height=""200"" width=""auto"" /><br><br>Fried egg Sandwiches<br>http://www.foodcartsportland.com/2013/09/11/fried-egg-im-love-belmont/","Untitled layer"
"138",-122.618237,45.516181,0,"Cackalack's Hot Chicken Shack","<img src=""https://lh3.googleusercontent.com/proxy/plmIVPMJ2HAa2APDUzjkcU9ORy9nrShyXcb338g4E7tqBphkp68Zq55DWjlQKnigQEvXWia_mbqeFu4QZJ_mSeJKHc8Hle7CrfF0JrJgQ8MPfA"" height=""200"" width=""auto"" /><br><br>Hot chicken sandwiches<br>http://www.foodcartsportland.com/2011/05/04/cackalacks-hot-chicken-shack/","Untitled layer"
"139",-122.617952,45.516185,0,"Aybla Grill","<img src=""https://lh4.googleusercontent.com/proxy/x4RV6lz3SxhwZrRFCksQqlbieOPWBcv1ugZ0j-RiLCXasRKv4msZOOuHBeYlGnwGIJT-AK_vi4hG_YZJtQqDwEcb2m2MoGA7j3rEHNtpL7M"" height=""200"" width=""auto"" /><br><br>Syrian and Mediterranean cusine<br>http://www.foodcartsportland.com/2007/10/29/aybalaya-mediterranean/","Untitled layer"
"140",-122.611276,45.504392,0,"Year of the Fish","<img src=""https://lh6.googleusercontent.com/proxy/TaGjNCPMnV9r4GBx03alHaT9ZvhloMxDr5pnJvh7JnPLXIiYlqfDEtw24CEv6VspzSnYAZ26DEMGuXOCdYA3Voc0HG_zg0OW89HYt_x5BKCdAg"" height=""200"" width=""auto"" /><br><br>fish and chips and more<br>http://www.foodcartsportland.com/2011/09/08/year-of-the-fish/","Untitled layer"
"141",-122.611282,45.504666,0,"TeePee's","","Untitled layer"
"142",-122.66157,45.518887,0,"Central Eastside Food Cart Pod","","Untitled layer"
"143",-122.66687,45.551241,0,"EthelKays Grilled Cheese","<img src=""https://lh5.googleusercontent.com/proxy/fc6QHSzoqT6-noR4v-j_bU-cv0Y8Svvuy29L9ppiw5FSHNy4RHxz2sgY9tfRhe8uSbDk85B4LDYyX88VRRTNBV7m4wxJKVmjT_fFddunlPpjUQ"" height=""200"" width=""auto"" /><br><br>Grilled cheese and lemonade<br>http://www.foodcartsportland.com/2014/02/05/ethelkays-grilled-cheese-lemonade/","Untitled layer"
"144",-122.666538,45.551601,0,"Inferno Taqueria","","Untitled layer"
"145",-122.676129,45.562877,0,"The Hope Kitchen","<img src=""https://lh5.googleusercontent.com/proxy/PynHQ6nb1dE6c3uV7sQkqignAVYVYQYC4jRzVcO_dBfNG1VeieEBP7SM4YzsfHxa2ORiXMaNKILhih-UPTjor-WdcRY7clgoohO5Ets_8x1V"" height=""200"" width=""auto"" /><br><br>http://www.foodcartsportland.com/2013/03/22/the-hope-kitchen/","Untitled layer"
"146",-122.642564,45.558982,0,"SIP Alberta","<img src=""https://lh6.googleusercontent.com/proxy/UZGwqBkZJs9xSGv5ezROlHpF0qsR3rbuhsNRnLZ_-sSwW-DY3Qr7xNfF_iFcfFMvRKfH4H-5KWpyWvwUWqCeiJpyftJHX49-wHX8T1zo1XPP"" height=""200"" width=""auto"" /><br><br>Smoothies and juices<br>http://www.foodcartsportland.com/category/location/northeast-portland/ne-22nd-and-alberta/","Untitled layer"
"147",-122.609487,45.540851,0,"The Bus Stop Cafe","","Untitled layer"
"148",-122.637511,45.521763,0,"Steak Frites","<img src=""https://lh3.googleusercontent.com/proxy/GwEkBDG4mBv1EcQyygyHCQMPumnD6SsvgkqissG5PgpQJEgZ7YickPhfhc246AHZI9k-zmOC9gGaWzY_eYANee0hzHVxhg30hcrKDehln8MYmtw"" height=""200"" width=""auto"" /><br><br>Steak and Fries<br>http://www.foodcartsportland.com/2014/04/16/steak-frites-pdx/","Untitled layer"
"149",-122.629116,45.516677,0,"Port Dogs","","Untitled layer"
"150",-122.62888,45.516722,0,"Momo Cart","Himalayan","Untitled layer"
"151",-122.628579,45.516572,0,"Bulkogi Fusion","","Untitled layer"
"152",-122.635918,45.504452,0,"Lodekka","","Untitled layer"
"153",-122.7571481,45.5915939,0,"Kazumi Sushi","","Untitled layer"
"154",-122.7572635,45.5915545,0,"Arlo's Fish and Chips","http://www.foodcartsportland.com/2017/01/23/arlos-fish-n-chips/","Untitled layer"
"155",-122.6931238,45.4786999,0,"Burger Stevens","http://www.foodcartsportland.com/2017/01/24/burger-stevens/","Untitled layer"
"156",-122.6592314,45.5629222,0,"Mahi Taco","http://www.foodcartsportland.com/2017/01/25/mahi-taco/","Untitled layer"
"157",-122.6590598,45.5629447,0,"PDX Donerland","http://www.foodcartsportland.com/2015/08/25/pdx-donerland/","Untitled layer"
